NAME,CODE,HEIGHT,CANOPY,OVERHANG
H0_D0,1,0,0,0
H0.5_D0.05,2,0.25,0.025,0
H1_D0.05,3,0.75,0.025,0
H1.5_D0.05,4,1.25,0.025,0
H2_D0.05,5,1.75,0.025,0
H2.5_D0.05,6,2.25,0.025,0
H3_D0.05,7,2.75,0.025,0
H3.5_D0.05,8,3.25,0.025,0
H4_D0.05,9,3.75,0.025,0
H4.5_D0.05,10,4.25,0.025,0
H5_D0.05,11,4.75,0.025,0
H5.5_D0.05,12,5.25,0.025,0
H6_D0.05,13,5.75,0.025,0
H6.5_D0.05,14,6.25,0.025,0
H7_D0.05,15,6.75,0.025,0
H7.5_D0.05,16,7.25,0.025,0
H8_D0.05,17,7.75,0.025,0
H8.5_D0.05,18,8.25,0.025,0
H9_D0.05,19,8.75,0.025,0
H9.5_D0.05,20,9.25,0.025,0
H10_D0.05,21,9.75,0.025,0
H10.5_D0.05,22,10.25,0.025,0
H11_D0.05,23,10.75,0.025,0
H11.5_D0.05,24,11.25,0.025,0
H12_D0.05,25,11.75,0.025,0
H12.5_D0.05,26,12.25,0.025,0
H13_D0.05,27,12.75,0.025,0
H13.5_D0.05,28,13.25,0.025,0
H14_D0.05,29,13.75,0.025,0
H14.5_D0.05,30,14.25,0.025,0
H15_D0.05,31,14.75,0.025,0
H15.5_D0.05,32,15.25,0.025,0
H16_D0.05,33,15.75,0.025,0
H16.5_D0.05,34,16.25,0.025,0
H17_D0.05,35,16.75,0.025,0
H17.5_D0.05,36,17.25,0.025,0
H18_D0.05,37,17.75,0.025,0
H18.5_D0.05,38,18.25,0.025,0
H19_D0.05,39,18.75,0.025,0
H19.5_D0.05,40,19.25,0.025,0
H20_D0.05,41,19.75,0.025,0
H20.5_D0.05,42,20.25,0.025,0
H21_D0.05,43,20.75,0.025,0
H21.5_D0.05,44,21.25,0.025,0
H22_D0.05,45,21.75,0.025,0
H22.5_D0.05,46,22.25,0.025,0
H23_D0.05,47,22.75,0.025,0
H23.5_D0.05,48,23.25,0.025,0
H24_D0.05,49,23.75,0.025,0
H24.5_D0.05,50,24.25,0.025,0
H25_D0.05,51,24.75,0.025,0
H25.5_D0.05,52,25.25,0.025,0
H26_D0.05,53,25.75,0.025,0
H26.5_D0.05,54,26.25,0.025,0
H27_D0.05,55,26.75,0.025,0
H27.5_D0.05,56,27.25,0.025,0
H28_D0.05,57,27.75,0.025,0
H28.5_D0.05,58,28.25,0.025,0
H29_D0.05,59,28.75,0.025,0
H29.5_D0.05,60,29.25,0.025,0
H30_D0.05,61,29.75,0.025,0
H30.5_D0.05,62,30.25,0.025,0
H31_D0.05,63,30.75,0.025,0
H31.5_D0.05,64,31.25,0.025,0
H32_D0.05,65,31.75,0.025,0
H32.5_D0.05,66,32.25,0.025,0
H33_D0.05,67,32.75,0.025,0
H33.5_D0.05,68,33.25,0.025,0
H34_D0.05,69,33.75,0.025,0
H34.5_D0.05,70,34.25,0.025,0
H35_D0.05,71,34.75,0.025,0
H35.5_D0.05,72,35.25,0.025,0
H36_D0.05,73,35.75,0.025,0
H36.5_D0.05,74,36.25,0.025,0
H37_D0.05,75,36.75,0.025,0
H37.5_D0.05,76,37.25,0.025,0
H38_D0.05,77,37.75,0.025,0
H38.5_D0.05,78,38.25,0.025,0
H39_D0.05,79,38.75,0.025,0
H0.5_D0.1,80,0.25,0.075,0
H1_D0.1,81,0.75,0.075,0
H1.5_D0.1,82,1.25,0.075,0
H2_D0.1,83,1.75,0.075,0
H2.5_D0.1,84,2.25,0.075,0
H3_D0.1,85,2.75,0.075,0
H3.5_D0.1,86,3.25,0.075,0
H4_D0.1,87,3.75,0.075,0
H4.5_D0.1,88,4.25,0.075,0
H5_D0.1,89,4.75,0.075,0
H5.5_D0.1,90,5.25,0.075,0
H6_D0.1,91,5.75,0.075,0
H6.5_D0.1,92,6.25,0.075,0
H7_D0.1,93,6.75,0.075,0
H7.5_D0.1,94,7.25,0.075,0
H8_D0.1,95,7.75,0.075,0
H8.5_D0.1,96,8.25,0.075,0
H9_D0.1,97,8.75,0.075,0
H9.5_D0.1,98,9.25,0.075,0
H10_D0.1,99,9.75,0.075,0
H10.5_D0.1,100,10.25,0.075,0
H11_D0.1,101,10.75,0.075,0
H11.5_D0.1,102,11.25,0.075,0
H12_D0.1,103,11.75,0.075,0
H12.5_D0.1,104,12.25,0.075,0
H13_D0.1,105,12.75,0.075,0
H13.5_D0.1,106,13.25,0.075,0
H14_D0.1,107,13.75,0.075,0
H14.5_D0.1,108,14.25,0.075,0
H15_D0.1,109,14.75,0.075,0
H15.5_D0.1,110,15.25,0.075,0
H16_D0.1,111,15.75,0.075,0
H16.5_D0.1,112,16.25,0.075,0
H17_D0.1,113,16.75,0.075,0
H17.5_D0.1,114,17.25,0.075,0
H18_D0.1,115,17.75,0.075,0
H18.5_D0.1,116,18.25,0.075,0
H19_D0.1,117,18.75,0.075,0
H19.5_D0.1,118,19.25,0.075,0
H20_D0.1,119,19.75,0.075,0
H20.5_D0.1,120,20.25,0.075,0
H21_D0.1,121,20.75,0.075,0
H21.5_D0.1,122,21.25,0.075,0
H22_D0.1,123,21.75,0.075,0
H22.5_D0.1,124,22.25,0.075,0
H23_D0.1,125,22.75,0.075,0
H23.5_D0.1,126,23.25,0.075,0
H24_D0.1,127,23.75,0.075,0
H24.5_D0.1,128,24.25,0.075,0
H25_D0.1,129,24.75,0.075,0
H25.5_D0.1,130,25.25,0.075,0
H26_D0.1,131,25.75,0.075,0
H26.5_D0.1,132,26.25,0.075,0
H27_D0.1,133,26.75,0.075,0
H27.5_D0.1,134,27.25,0.075,0
H28_D0.1,135,27.75,0.075,0
H28.5_D0.1,136,28.25,0.075,0
H29_D0.1,137,28.75,0.075,0
H29.5_D0.1,138,29.25,0.075,0
H30_D0.1,139,29.75,0.075,0
H30.5_D0.1,140,30.25,0.075,0
H31_D0.1,141,30.75,0.075,0
H31.5_D0.1,142,31.25,0.075,0
H32_D0.1,143,31.75,0.075,0
H32.5_D0.1,144,32.25,0.075,0
H33_D0.1,145,32.75,0.075,0
H33.5_D0.1,146,33.25,0.075,0
H34_D0.1,147,33.75,0.075,0
H34.5_D0.1,148,34.25,0.075,0
H35_D0.1,149,34.75,0.075,0
H35.5_D0.1,150,35.25,0.075,0
H36_D0.1,151,35.75,0.075,0
H36.5_D0.1,152,36.25,0.075,0
H37_D0.1,153,36.75,0.075,0
H37.5_D0.1,154,37.25,0.075,0
H38_D0.1,155,37.75,0.075,0
H38.5_D0.1,156,38.25,0.075,0
H39_D0.1,157,38.75,0.075,0
H0.5_D0.15,158,0.25,0.125,0
H1_D0.15,159,0.75,0.125,0
H1.5_D0.15,160,1.25,0.125,0
H2_D0.15,161,1.75,0.125,0
H2.5_D0.15,162,2.25,0.125,0
H3_D0.15,163,2.75,0.125,0
H3.5_D0.15,164,3.25,0.125,0
H4_D0.15,165,3.75,0.125,0
H4.5_D0.15,166,4.25,0.125,0
H5_D0.15,167,4.75,0.125,0
H5.5_D0.15,168,5.25,0.125,0
H6_D0.15,169,5.75,0.125,0
H6.5_D0.15,170,6.25,0.125,0
H7_D0.15,171,6.75,0.125,0
H7.5_D0.15,172,7.25,0.125,0
H8_D0.15,173,7.75,0.125,0
H8.5_D0.15,174,8.25,0.125,0
H9_D0.15,175,8.75,0.125,0
H9.5_D0.15,176,9.25,0.125,0
H10_D0.15,177,9.75,0.125,0
H10.5_D0.15,178,10.25,0.125,0
H11_D0.15,179,10.75,0.125,0
H11.5_D0.15,180,11.25,0.125,0
H12_D0.15,181,11.75,0.125,0
H12.5_D0.15,182,12.25,0.125,0
H13_D0.15,183,12.75,0.125,0
H13.5_D0.15,184,13.25,0.125,0
H14_D0.15,185,13.75,0.125,0
H14.5_D0.15,186,14.25,0.125,0
H15_D0.15,187,14.75,0.125,0
H15.5_D0.15,188,15.25,0.125,0
H16_D0.15,189,15.75,0.125,0
H16.5_D0.15,190,16.25,0.125,0
H17_D0.15,191,16.75,0.125,0
H17.5_D0.15,192,17.25,0.125,0
H18_D0.15,193,17.75,0.125,0
H18.5_D0.15,194,18.25,0.125,0
H19_D0.15,195,18.75,0.125,0
H19.5_D0.15,196,19.25,0.125,0
H20_D0.15,197,19.75,0.125,0
H20.5_D0.15,198,20.25,0.125,0
H21_D0.15,199,20.75,0.125,0
H21.5_D0.15,200,21.25,0.125,0
H22_D0.15,201,21.75,0.125,0
H22.5_D0.15,202,22.25,0.125,0
H23_D0.15,203,22.75,0.125,0
H23.5_D0.15,204,23.25,0.125,0
H24_D0.15,205,23.75,0.125,0
H24.5_D0.15,206,24.25,0.125,0
H25_D0.15,207,24.75,0.125,0
H25.5_D0.15,208,25.25,0.125,0
H26_D0.15,209,25.75,0.125,0
H26.5_D0.15,210,26.25,0.125,0
H27_D0.15,211,26.75,0.125,0
H27.5_D0.15,212,27.25,0.125,0
H28_D0.15,213,27.75,0.125,0
H28.5_D0.15,214,28.25,0.125,0
H29_D0.15,215,28.75,0.125,0
H29.5_D0.15,216,29.25,0.125,0
H30_D0.15,217,29.75,0.125,0
H30.5_D0.15,218,30.25,0.125,0
H31_D0.15,219,30.75,0.125,0
H31.5_D0.15,220,31.25,0.125,0
H32_D0.15,221,31.75,0.125,0
H32.5_D0.15,222,32.25,0.125,0
H33_D0.15,223,32.75,0.125,0
H33.5_D0.15,224,33.25,0.125,0
H34_D0.15,225,33.75,0.125,0
H34.5_D0.15,226,34.25,0.125,0
H35_D0.15,227,34.75,0.125,0
H35.5_D0.15,228,35.25,0.125,0
H36_D0.15,229,35.75,0.125,0
H36.5_D0.15,230,36.25,0.125,0
H37_D0.15,231,36.75,0.125,0
H37.5_D0.15,232,37.25,0.125,0
H38_D0.15,233,37.75,0.125,0
H38.5_D0.15,234,38.25,0.125,0
H39_D0.15,235,38.75,0.125,0
H0.5_D0.2,236,0.25,0.175,0
H1_D0.2,237,0.75,0.175,0
H1.5_D0.2,238,1.25,0.175,0
H2_D0.2,239,1.75,0.175,0
H2.5_D0.2,240,2.25,0.175,0
H3_D0.2,241,2.75,0.175,0
H3.5_D0.2,242,3.25,0.175,0
H4_D0.2,243,3.75,0.175,0
H4.5_D0.2,244,4.25,0.175,0
H5_D0.2,245,4.75,0.175,0
H5.5_D0.2,246,5.25,0.175,0
H6_D0.2,247,5.75,0.175,0
H6.5_D0.2,248,6.25,0.175,0
H7_D0.2,249,6.75,0.175,0
H7.5_D0.2,250,7.25,0.175,0
H8_D0.2,251,7.75,0.175,0
H8.5_D0.2,252,8.25,0.175,0
H9_D0.2,253,8.75,0.175,0
H9.5_D0.2,254,9.25,0.175,0
H10_D0.2,255,9.75,0.175,0
H10.5_D0.2,256,10.25,0.175,0
H11_D0.2,257,10.75,0.175,0
H11.5_D0.2,258,11.25,0.175,0
H12_D0.2,259,11.75,0.175,0
H12.5_D0.2,260,12.25,0.175,0
H13_D0.2,261,12.75,0.175,0
H13.5_D0.2,262,13.25,0.175,0
H14_D0.2,263,13.75,0.175,0
H14.5_D0.2,264,14.25,0.175,0
H15_D0.2,265,14.75,0.175,0
H15.5_D0.2,266,15.25,0.175,0
H16_D0.2,267,15.75,0.175,0
H16.5_D0.2,268,16.25,0.175,0
H17_D0.2,269,16.75,0.175,0
H17.5_D0.2,270,17.25,0.175,0
H18_D0.2,271,17.75,0.175,0
H18.5_D0.2,272,18.25,0.175,0
H19_D0.2,273,18.75,0.175,0
H19.5_D0.2,274,19.25,0.175,0
H20_D0.2,275,19.75,0.175,0
H20.5_D0.2,276,20.25,0.175,0
H21_D0.2,277,20.75,0.175,0
H21.5_D0.2,278,21.25,0.175,0
H22_D0.2,279,21.75,0.175,0
H22.5_D0.2,280,22.25,0.175,0
H23_D0.2,281,22.75,0.175,0
H23.5_D0.2,282,23.25,0.175,0
H24_D0.2,283,23.75,0.175,0
H24.5_D0.2,284,24.25,0.175,0
H25_D0.2,285,24.75,0.175,0
H25.5_D0.2,286,25.25,0.175,0
H26_D0.2,287,25.75,0.175,0
H26.5_D0.2,288,26.25,0.175,0
H27_D0.2,289,26.75,0.175,0
H27.5_D0.2,290,27.25,0.175,0
H28_D0.2,291,27.75,0.175,0
H28.5_D0.2,292,28.25,0.175,0
H29_D0.2,293,28.75,0.175,0
H29.5_D0.2,294,29.25,0.175,0
H30_D0.2,295,29.75,0.175,0
H30.5_D0.2,296,30.25,0.175,0
H31_D0.2,297,30.75,0.175,0
H31.5_D0.2,298,31.25,0.175,0
H32_D0.2,299,31.75,0.175,0
H32.5_D0.2,300,32.25,0.175,0
H33_D0.2,301,32.75,0.175,0
H33.5_D0.2,302,33.25,0.175,0
H34_D0.2,303,33.75,0.175,0
H34.5_D0.2,304,34.25,0.175,0
H35_D0.2,305,34.75,0.175,0
H35.5_D0.2,306,35.25,0.175,0
H36_D0.2,307,35.75,0.175,0
H36.5_D0.2,308,36.25,0.175,0
H37_D0.2,309,36.75,0.175,0
H37.5_D0.2,310,37.25,0.175,0
H38_D0.2,311,37.75,0.175,0
H38.5_D0.2,312,38.25,0.175,0
H39_D0.2,313,38.75,0.175,0
H0.5_D0.25,314,0.25,0.225,0
H1_D0.25,315,0.75,0.225,0
H1.5_D0.25,316,1.25,0.225,0
H2_D0.25,317,1.75,0.225,0
H2.5_D0.25,318,2.25,0.225,0
H3_D0.25,319,2.75,0.225,0
H3.5_D0.25,320,3.25,0.225,0
H4_D0.25,321,3.75,0.225,0
H4.5_D0.25,322,4.25,0.225,0
H5_D0.25,323,4.75,0.225,0
H5.5_D0.25,324,5.25,0.225,0
H6_D0.25,325,5.75,0.225,0
H6.5_D0.25,326,6.25,0.225,0
H7_D0.25,327,6.75,0.225,0
H7.5_D0.25,328,7.25,0.225,0
H8_D0.25,329,7.75,0.225,0
H8.5_D0.25,330,8.25,0.225,0
H9_D0.25,331,8.75,0.225,0
H9.5_D0.25,332,9.25,0.225,0
H10_D0.25,333,9.75,0.225,0
H10.5_D0.25,334,10.25,0.225,0
H11_D0.25,335,10.75,0.225,0
H11.5_D0.25,336,11.25,0.225,0
H12_D0.25,337,11.75,0.225,0
H12.5_D0.25,338,12.25,0.225,0
H13_D0.25,339,12.75,0.225,0
H13.5_D0.25,340,13.25,0.225,0
H14_D0.25,341,13.75,0.225,0
H14.5_D0.25,342,14.25,0.225,0
H15_D0.25,343,14.75,0.225,0
H15.5_D0.25,344,15.25,0.225,0
H16_D0.25,345,15.75,0.225,0
H16.5_D0.25,346,16.25,0.225,0
H17_D0.25,347,16.75,0.225,0
H17.5_D0.25,348,17.25,0.225,0
H18_D0.25,349,17.75,0.225,0
H18.5_D0.25,350,18.25,0.225,0
H19_D0.25,351,18.75,0.225,0
H19.5_D0.25,352,19.25,0.225,0
H20_D0.25,353,19.75,0.225,0
H20.5_D0.25,354,20.25,0.225,0
H21_D0.25,355,20.75,0.225,0
H21.5_D0.25,356,21.25,0.225,0
H22_D0.25,357,21.75,0.225,0
H22.5_D0.25,358,22.25,0.225,0
H23_D0.25,359,22.75,0.225,0
H23.5_D0.25,360,23.25,0.225,0
H24_D0.25,361,23.75,0.225,0
H24.5_D0.25,362,24.25,0.225,0
H25_D0.25,363,24.75,0.225,0
H25.5_D0.25,364,25.25,0.225,0
H26_D0.25,365,25.75,0.225,0
H26.5_D0.25,366,26.25,0.225,0
H27_D0.25,367,26.75,0.225,0
H27.5_D0.25,368,27.25,0.225,0
H28_D0.25,369,27.75,0.225,0
H28.5_D0.25,370,28.25,0.225,0
H29_D0.25,371,28.75,0.225,0
H29.5_D0.25,372,29.25,0.225,0
H30_D0.25,373,29.75,0.225,0
H30.5_D0.25,374,30.25,0.225,0
H31_D0.25,375,30.75,0.225,0
H31.5_D0.25,376,31.25,0.225,0
H32_D0.25,377,31.75,0.225,0
H32.5_D0.25,378,32.25,0.225,0
H33_D0.25,379,32.75,0.225,0
H33.5_D0.25,380,33.25,0.225,0
H34_D0.25,381,33.75,0.225,0
H34.5_D0.25,382,34.25,0.225,0
H35_D0.25,383,34.75,0.225,0
H35.5_D0.25,384,35.25,0.225,0
H36_D0.25,385,35.75,0.225,0
H36.5_D0.25,386,36.25,0.225,0
H37_D0.25,387,36.75,0.225,0
H37.5_D0.25,388,37.25,0.225,0
H38_D0.25,389,37.75,0.225,0
H38.5_D0.25,390,38.25,0.225,0
H39_D0.25,391,38.75,0.225,0
H0.5_D0.3,392,0.25,0.275,0
H1_D0.3,393,0.75,0.275,0
H1.5_D0.3,394,1.25,0.275,0
H2_D0.3,395,1.75,0.275,0
H2.5_D0.3,396,2.25,0.275,0
H3_D0.3,397,2.75,0.275,0
H3.5_D0.3,398,3.25,0.275,0
H4_D0.3,399,3.75,0.275,0
H4.5_D0.3,400,4.25,0.275,0
H5_D0.3,401,4.75,0.275,0
H5.5_D0.3,402,5.25,0.275,0
H6_D0.3,403,5.75,0.275,0
H6.5_D0.3,404,6.25,0.275,0
H7_D0.3,405,6.75,0.275,0
H7.5_D0.3,406,7.25,0.275,0
H8_D0.3,407,7.75,0.275,0
H8.5_D0.3,408,8.25,0.275,0
H9_D0.3,409,8.75,0.275,0
H9.5_D0.3,410,9.25,0.275,0
H10_D0.3,411,9.75,0.275,0
H10.5_D0.3,412,10.25,0.275,0
H11_D0.3,413,10.75,0.275,0
H11.5_D0.3,414,11.25,0.275,0
H12_D0.3,415,11.75,0.275,0
H12.5_D0.3,416,12.25,0.275,0
H13_D0.3,417,12.75,0.275,0
H13.5_D0.3,418,13.25,0.275,0
H14_D0.3,419,13.75,0.275,0
H14.5_D0.3,420,14.25,0.275,0
H15_D0.3,421,14.75,0.275,0
H15.5_D0.3,422,15.25,0.275,0
H16_D0.3,423,15.75,0.275,0
H16.5_D0.3,424,16.25,0.275,0
H17_D0.3,425,16.75,0.275,0
H17.5_D0.3,426,17.25,0.275,0
H18_D0.3,427,17.75,0.275,0
H18.5_D0.3,428,18.25,0.275,0
H19_D0.3,429,18.75,0.275,0
H19.5_D0.3,430,19.25,0.275,0
H20_D0.3,431,19.75,0.275,0
H20.5_D0.3,432,20.25,0.275,0
H21_D0.3,433,20.75,0.275,0
H21.5_D0.3,434,21.25,0.275,0
H22_D0.3,435,21.75,0.275,0
H22.5_D0.3,436,22.25,0.275,0
H23_D0.3,437,22.75,0.275,0
H23.5_D0.3,438,23.25,0.275,0
H24_D0.3,439,23.75,0.275,0
H24.5_D0.3,440,24.25,0.275,0
H25_D0.3,441,24.75,0.275,0
H25.5_D0.3,442,25.25,0.275,0
H26_D0.3,443,25.75,0.275,0
H26.5_D0.3,444,26.25,0.275,0
H27_D0.3,445,26.75,0.275,0
H27.5_D0.3,446,27.25,0.275,0
H28_D0.3,447,27.75,0.275,0
H28.5_D0.3,448,28.25,0.275,0
H29_D0.3,449,28.75,0.275,0
H29.5_D0.3,450,29.25,0.275,0
H30_D0.3,451,29.75,0.275,0
H30.5_D0.3,452,30.25,0.275,0
H31_D0.3,453,30.75,0.275,0
H31.5_D0.3,454,31.25,0.275,0
H32_D0.3,455,31.75,0.275,0
H32.5_D0.3,456,32.25,0.275,0
H33_D0.3,457,32.75,0.275,0
H33.5_D0.3,458,33.25,0.275,0
H34_D0.3,459,33.75,0.275,0
H34.5_D0.3,460,34.25,0.275,0
H35_D0.3,461,34.75,0.275,0
H35.5_D0.3,462,35.25,0.275,0
H36_D0.3,463,35.75,0.275,0
H36.5_D0.3,464,36.25,0.275,0
H37_D0.3,465,36.75,0.275,0
H37.5_D0.3,466,37.25,0.275,0
H38_D0.3,467,37.75,0.275,0
H38.5_D0.3,468,38.25,0.275,0
H39_D0.3,469,38.75,0.275,0
H0.5_D0.35,470,0.25,0.325,0
H1_D0.35,471,0.75,0.325,0
H1.5_D0.35,472,1.25,0.325,0
H2_D0.35,473,1.75,0.325,0
H2.5_D0.35,474,2.25,0.325,0
H3_D0.35,475,2.75,0.325,0
H3.5_D0.35,476,3.25,0.325,0
H4_D0.35,477,3.75,0.325,0
H4.5_D0.35,478,4.25,0.325,0
H5_D0.35,479,4.75,0.325,0
H5.5_D0.35,480,5.25,0.325,0
H6_D0.35,481,5.75,0.325,0
H6.5_D0.35,482,6.25,0.325,0
H7_D0.35,483,6.75,0.325,0
H7.5_D0.35,484,7.25,0.325,0
H8_D0.35,485,7.75,0.325,0
H8.5_D0.35,486,8.25,0.325,0
H9_D0.35,487,8.75,0.325,0
H9.5_D0.35,488,9.25,0.325,0
H10_D0.35,489,9.75,0.325,0
H10.5_D0.35,490,10.25,0.325,0
H11_D0.35,491,10.75,0.325,0
H11.5_D0.35,492,11.25,0.325,0
H12_D0.35,493,11.75,0.325,0
H12.5_D0.35,494,12.25,0.325,0
H13_D0.35,495,12.75,0.325,0
H13.5_D0.35,496,13.25,0.325,0
H14_D0.35,497,13.75,0.325,0
H14.5_D0.35,498,14.25,0.325,0
H15_D0.35,499,14.75,0.325,0
H15.5_D0.35,500,15.25,0.325,0
H16_D0.35,501,15.75,0.325,0
H16.5_D0.35,502,16.25,0.325,0
H17_D0.35,503,16.75,0.325,0
H17.5_D0.35,504,17.25,0.325,0
H18_D0.35,505,17.75,0.325,0
H18.5_D0.35,506,18.25,0.325,0
H19_D0.35,507,18.75,0.325,0
H19.5_D0.35,508,19.25,0.325,0
H20_D0.35,509,19.75,0.325,0
H20.5_D0.35,510,20.25,0.325,0
H21_D0.35,511,20.75,0.325,0
H21.5_D0.35,512,21.25,0.325,0
H22_D0.35,513,21.75,0.325,0
H22.5_D0.35,514,22.25,0.325,0
H23_D0.35,515,22.75,0.325,0
H23.5_D0.35,516,23.25,0.325,0
H24_D0.35,517,23.75,0.325,0
H24.5_D0.35,518,24.25,0.325,0
H25_D0.35,519,24.75,0.325,0
H25.5_D0.35,520,25.25,0.325,0
H26_D0.35,521,25.75,0.325,0
H26.5_D0.35,522,26.25,0.325,0
H27_D0.35,523,26.75,0.325,0
H27.5_D0.35,524,27.25,0.325,0
H28_D0.35,525,27.75,0.325,0
H28.5_D0.35,526,28.25,0.325,0
H29_D0.35,527,28.75,0.325,0
H29.5_D0.35,528,29.25,0.325,0
H30_D0.35,529,29.75,0.325,0
H30.5_D0.35,530,30.25,0.325,0
H31_D0.35,531,30.75,0.325,0
H31.5_D0.35,532,31.25,0.325,0
H32_D0.35,533,31.75,0.325,0
H32.5_D0.35,534,32.25,0.325,0
H33_D0.35,535,32.75,0.325,0
H33.5_D0.35,536,33.25,0.325,0
H34_D0.35,537,33.75,0.325,0
H34.5_D0.35,538,34.25,0.325,0
H35_D0.35,539,34.75,0.325,0
H35.5_D0.35,540,35.25,0.325,0
H36_D0.35,541,35.75,0.325,0
H36.5_D0.35,542,36.25,0.325,0
H37_D0.35,543,36.75,0.325,0
H37.5_D0.35,544,37.25,0.325,0
H38_D0.35,545,37.75,0.325,0
H38.5_D0.35,546,38.25,0.325,0
H39_D0.35,547,38.75,0.325,0
H0.5_D0.4,548,0.25,0.375,0
H1_D0.4,549,0.75,0.375,0
H1.5_D0.4,550,1.25,0.375,0
H2_D0.4,551,1.75,0.375,0
H2.5_D0.4,552,2.25,0.375,0
H3_D0.4,553,2.75,0.375,0
H3.5_D0.4,554,3.25,0.375,0
H4_D0.4,555,3.75,0.375,0
H4.5_D0.4,556,4.25,0.375,0
H5_D0.4,557,4.75,0.375,0
H5.5_D0.4,558,5.25,0.375,0
H6_D0.4,559,5.75,0.375,0
H6.5_D0.4,560,6.25,0.375,0
H7_D0.4,561,6.75,0.375,0
H7.5_D0.4,562,7.25,0.375,0
H8_D0.4,563,7.75,0.375,0
H8.5_D0.4,564,8.25,0.375,0
H9_D0.4,565,8.75,0.375,0
H9.5_D0.4,566,9.25,0.375,0
H10_D0.4,567,9.75,0.375,0
H10.5_D0.4,568,10.25,0.375,0
H11_D0.4,569,10.75,0.375,0
H11.5_D0.4,570,11.25,0.375,0
H12_D0.4,571,11.75,0.375,0
H12.5_D0.4,572,12.25,0.375,0
H13_D0.4,573,12.75,0.375,0
H13.5_D0.4,574,13.25,0.375,0
H14_D0.4,575,13.75,0.375,0
H14.5_D0.4,576,14.25,0.375,0
H15_D0.4,577,14.75,0.375,0
H15.5_D0.4,578,15.25,0.375,0
H16_D0.4,579,15.75,0.375,0
H16.5_D0.4,580,16.25,0.375,0
H17_D0.4,581,16.75,0.375,0
H17.5_D0.4,582,17.25,0.375,0
H18_D0.4,583,17.75,0.375,0
H18.5_D0.4,584,18.25,0.375,0
H19_D0.4,585,18.75,0.375,0
H19.5_D0.4,586,19.25,0.375,0
H20_D0.4,587,19.75,0.375,0
H20.5_D0.4,588,20.25,0.375,0
H21_D0.4,589,20.75,0.375,0
H21.5_D0.4,590,21.25,0.375,0
H22_D0.4,591,21.75,0.375,0
H22.5_D0.4,592,22.25,0.375,0
H23_D0.4,593,22.75,0.375,0
H23.5_D0.4,594,23.25,0.375,0
H24_D0.4,595,23.75,0.375,0
H24.5_D0.4,596,24.25,0.375,0
H25_D0.4,597,24.75,0.375,0
H25.5_D0.4,598,25.25,0.375,0
H26_D0.4,599,25.75,0.375,0
H26.5_D0.4,600,26.25,0.375,0
H27_D0.4,601,26.75,0.375,0
H27.5_D0.4,602,27.25,0.375,0
H28_D0.4,603,27.75,0.375,0
H28.5_D0.4,604,28.25,0.375,0
H29_D0.4,605,28.75,0.375,0
H29.5_D0.4,606,29.25,0.375,0
H30_D0.4,607,29.75,0.375,0
H30.5_D0.4,608,30.25,0.375,0
H31_D0.4,609,30.75,0.375,0
H31.5_D0.4,610,31.25,0.375,0
H32_D0.4,611,31.75,0.375,0
H32.5_D0.4,612,32.25,0.375,0
H33_D0.4,613,32.75,0.375,0
H33.5_D0.4,614,33.25,0.375,0
H34_D0.4,615,33.75,0.375,0
H34.5_D0.4,616,34.25,0.375,0
H35_D0.4,617,34.75,0.375,0
H35.5_D0.4,618,35.25,0.375,0
H36_D0.4,619,35.75,0.375,0
H36.5_D0.4,620,36.25,0.375,0
H37_D0.4,621,36.75,0.375,0
H37.5_D0.4,622,37.25,0.375,0
H38_D0.4,623,37.75,0.375,0
H38.5_D0.4,624,38.25,0.375,0
H39_D0.4,625,38.75,0.375,0
H0.5_D0.45,626,0.25,0.425,0
H1_D0.45,627,0.75,0.425,0
H1.5_D0.45,628,1.25,0.425,0
H2_D0.45,629,1.75,0.425,0
H2.5_D0.45,630,2.25,0.425,0
H3_D0.45,631,2.75,0.425,0
H3.5_D0.45,632,3.25,0.425,0
H4_D0.45,633,3.75,0.425,0
H4.5_D0.45,634,4.25,0.425,0
H5_D0.45,635,4.75,0.425,0
H5.5_D0.45,636,5.25,0.425,0
H6_D0.45,637,5.75,0.425,0
H6.5_D0.45,638,6.25,0.425,0
H7_D0.45,639,6.75,0.425,0
H7.5_D0.45,640,7.25,0.425,0
H8_D0.45,641,7.75,0.425,0
H8.5_D0.45,642,8.25,0.425,0
H9_D0.45,643,8.75,0.425,0
H9.5_D0.45,644,9.25,0.425,0
H10_D0.45,645,9.75,0.425,0
H10.5_D0.45,646,10.25,0.425,0
H11_D0.45,647,10.75,0.425,0
H11.5_D0.45,648,11.25,0.425,0
H12_D0.45,649,11.75,0.425,0
H12.5_D0.45,650,12.25,0.425,0
H13_D0.45,651,12.75,0.425,0
H13.5_D0.45,652,13.25,0.425,0
H14_D0.45,653,13.75,0.425,0
H14.5_D0.45,654,14.25,0.425,0
H15_D0.45,655,14.75,0.425,0
H15.5_D0.45,656,15.25,0.425,0
H16_D0.45,657,15.75,0.425,0
H16.5_D0.45,658,16.25,0.425,0
H17_D0.45,659,16.75,0.425,0
H17.5_D0.45,660,17.25,0.425,0
H18_D0.45,661,17.75,0.425,0
H18.5_D0.45,662,18.25,0.425,0
H19_D0.45,663,18.75,0.425,0
H19.5_D0.45,664,19.25,0.425,0
H20_D0.45,665,19.75,0.425,0
H20.5_D0.45,666,20.25,0.425,0
H21_D0.45,667,20.75,0.425,0
H21.5_D0.45,668,21.25,0.425,0
H22_D0.45,669,21.75,0.425,0
H22.5_D0.45,670,22.25,0.425,0
H23_D0.45,671,22.75,0.425,0
H23.5_D0.45,672,23.25,0.425,0
H24_D0.45,673,23.75,0.425,0
H24.5_D0.45,674,24.25,0.425,0
H25_D0.45,675,24.75,0.425,0
H25.5_D0.45,676,25.25,0.425,0
H26_D0.45,677,25.75,0.425,0
H26.5_D0.45,678,26.25,0.425,0
H27_D0.45,679,26.75,0.425,0
H27.5_D0.45,680,27.25,0.425,0
H28_D0.45,681,27.75,0.425,0
H28.5_D0.45,682,28.25,0.425,0
H29_D0.45,683,28.75,0.425,0
H29.5_D0.45,684,29.25,0.425,0
H30_D0.45,685,29.75,0.425,0
H30.5_D0.45,686,30.25,0.425,0
H31_D0.45,687,30.75,0.425,0
H31.5_D0.45,688,31.25,0.425,0
H32_D0.45,689,31.75,0.425,0
H32.5_D0.45,690,32.25,0.425,0
H33_D0.45,691,32.75,0.425,0
H33.5_D0.45,692,33.25,0.425,0
H34_D0.45,693,33.75,0.425,0
H34.5_D0.45,694,34.25,0.425,0
H35_D0.45,695,34.75,0.425,0
H35.5_D0.45,696,35.25,0.425,0
H36_D0.45,697,35.75,0.425,0
H36.5_D0.45,698,36.25,0.425,0
H37_D0.45,699,36.75,0.425,0
H37.5_D0.45,700,37.25,0.425,0
H38_D0.45,701,37.75,0.425,0
H38.5_D0.45,702,38.25,0.425,0
H39_D0.45,703,38.75,0.425,0
H0.5_D0.5,704,0.25,0.475,0
H1_D0.5,705,0.75,0.475,0
H1.5_D0.5,706,1.25,0.475,0
H2_D0.5,707,1.75,0.475,0
H2.5_D0.5,708,2.25,0.475,0
H3_D0.5,709,2.75,0.475,0
H3.5_D0.5,710,3.25,0.475,0
H4_D0.5,711,3.75,0.475,0
H4.5_D0.5,712,4.25,0.475,0
H5_D0.5,713,4.75,0.475,0
H5.5_D0.5,714,5.25,0.475,0
H6_D0.5,715,5.75,0.475,0
H6.5_D0.5,716,6.25,0.475,0
H7_D0.5,717,6.75,0.475,0
H7.5_D0.5,718,7.25,0.475,0
H8_D0.5,719,7.75,0.475,0
H8.5_D0.5,720,8.25,0.475,0
H9_D0.5,721,8.75,0.475,0
H9.5_D0.5,722,9.25,0.475,0
H10_D0.5,723,9.75,0.475,0
H10.5_D0.5,724,10.25,0.475,0
H11_D0.5,725,10.75,0.475,0
H11.5_D0.5,726,11.25,0.475,0
H12_D0.5,727,11.75,0.475,0
H12.5_D0.5,728,12.25,0.475,0
H13_D0.5,729,12.75,0.475,0
H13.5_D0.5,730,13.25,0.475,0
H14_D0.5,731,13.75,0.475,0
H14.5_D0.5,732,14.25,0.475,0
H15_D0.5,733,14.75,0.475,0
H15.5_D0.5,734,15.25,0.475,0
H16_D0.5,735,15.75,0.475,0
H16.5_D0.5,736,16.25,0.475,0
H17_D0.5,737,16.75,0.475,0
H17.5_D0.5,738,17.25,0.475,0
H18_D0.5,739,17.75,0.475,0
H18.5_D0.5,740,18.25,0.475,0
H19_D0.5,741,18.75,0.475,0
H19.5_D0.5,742,19.25,0.475,0
H20_D0.5,743,19.75,0.475,0
H20.5_D0.5,744,20.25,0.475,0
H21_D0.5,745,20.75,0.475,0
H21.5_D0.5,746,21.25,0.475,0
H22_D0.5,747,21.75,0.475,0
H22.5_D0.5,748,22.25,0.475,0
H23_D0.5,749,22.75,0.475,0
H23.5_D0.5,750,23.25,0.475,0
H24_D0.5,751,23.75,0.475,0
H24.5_D0.5,752,24.25,0.475,0
H25_D0.5,753,24.75,0.475,0
H25.5_D0.5,754,25.25,0.475,0
H26_D0.5,755,25.75,0.475,0
H26.5_D0.5,756,26.25,0.475,0
H27_D0.5,757,26.75,0.475,0
H27.5_D0.5,758,27.25,0.475,0
H28_D0.5,759,27.75,0.475,0
H28.5_D0.5,760,28.25,0.475,0
H29_D0.5,761,28.75,0.475,0
H29.5_D0.5,762,29.25,0.475,0
H30_D0.5,763,29.75,0.475,0
H30.5_D0.5,764,30.25,0.475,0
H31_D0.5,765,30.75,0.475,0
H31.5_D0.5,766,31.25,0.475,0
H32_D0.5,767,31.75,0.475,0
H32.5_D0.5,768,32.25,0.475,0
H33_D0.5,769,32.75,0.475,0
H33.5_D0.5,770,33.25,0.475,0
H34_D0.5,771,33.75,0.475,0
H34.5_D0.5,772,34.25,0.475,0
H35_D0.5,773,34.75,0.475,0
H35.5_D0.5,774,35.25,0.475,0
H36_D0.5,775,35.75,0.475,0
H36.5_D0.5,776,36.25,0.475,0
H37_D0.5,777,36.75,0.475,0
H37.5_D0.5,778,37.25,0.475,0
H38_D0.5,779,37.75,0.475,0
H38.5_D0.5,780,38.25,0.475,0
H39_D0.5,781,38.75,0.475,0
H0.5_D0.55,782,0.25,0.525,0
H1_D0.55,783,0.75,0.525,0
H1.5_D0.55,784,1.25,0.525,0
H2_D0.55,785,1.75,0.525,0
H2.5_D0.55,786,2.25,0.525,0
H3_D0.55,787,2.75,0.525,0
H3.5_D0.55,788,3.25,0.525,0
H4_D0.55,789,3.75,0.525,0
H4.5_D0.55,790,4.25,0.525,0
H5_D0.55,791,4.75,0.525,0
H5.5_D0.55,792,5.25,0.525,0
H6_D0.55,793,5.75,0.525,0
H6.5_D0.55,794,6.25,0.525,0
H7_D0.55,795,6.75,0.525,0
H7.5_D0.55,796,7.25,0.525,0
H8_D0.55,797,7.75,0.525,0
H8.5_D0.55,798,8.25,0.525,0
H9_D0.55,799,8.75,0.525,0
H9.5_D0.55,800,9.25,0.525,0
H10_D0.55,801,9.75,0.525,0
H10.5_D0.55,802,10.25,0.525,0
H11_D0.55,803,10.75,0.525,0
H11.5_D0.55,804,11.25,0.525,0
H12_D0.55,805,11.75,0.525,0
H12.5_D0.55,806,12.25,0.525,0
H13_D0.55,807,12.75,0.525,0
H13.5_D0.55,808,13.25,0.525,0
H14_D0.55,809,13.75,0.525,0
H14.5_D0.55,810,14.25,0.525,0
H15_D0.55,811,14.75,0.525,0
H15.5_D0.55,812,15.25,0.525,0
H16_D0.55,813,15.75,0.525,0
H16.5_D0.55,814,16.25,0.525,0
H17_D0.55,815,16.75,0.525,0
H17.5_D0.55,816,17.25,0.525,0
H18_D0.55,817,17.75,0.525,0
H18.5_D0.55,818,18.25,0.525,0
H19_D0.55,819,18.75,0.525,0
H19.5_D0.55,820,19.25,0.525,0
H20_D0.55,821,19.75,0.525,0
H20.5_D0.55,822,20.25,0.525,0
H21_D0.55,823,20.75,0.525,0
H21.5_D0.55,824,21.25,0.525,0
H22_D0.55,825,21.75,0.525,0
H22.5_D0.55,826,22.25,0.525,0
H23_D0.55,827,22.75,0.525,0
H23.5_D0.55,828,23.25,0.525,0
H24_D0.55,829,23.75,0.525,0
H24.5_D0.55,830,24.25,0.525,0
H25_D0.55,831,24.75,0.525,0
H25.5_D0.55,832,25.25,0.525,0
H26_D0.55,833,25.75,0.525,0
H26.5_D0.55,834,26.25,0.525,0
H27_D0.55,835,26.75,0.525,0
H27.5_D0.55,836,27.25,0.525,0
H28_D0.55,837,27.75,0.525,0
H28.5_D0.55,838,28.25,0.525,0
H29_D0.55,839,28.75,0.525,0
H29.5_D0.55,840,29.25,0.525,0
H30_D0.55,841,29.75,0.525,0
H30.5_D0.55,842,30.25,0.525,0
H31_D0.55,843,30.75,0.525,0
H31.5_D0.55,844,31.25,0.525,0
H32_D0.55,845,31.75,0.525,0
H32.5_D0.55,846,32.25,0.525,0
H33_D0.55,847,32.75,0.525,0
H33.5_D0.55,848,33.25,0.525,0
H34_D0.55,849,33.75,0.525,0
H34.5_D0.55,850,34.25,0.525,0
H35_D0.55,851,34.75,0.525,0
H35.5_D0.55,852,35.25,0.525,0
H36_D0.55,853,35.75,0.525,0
H36.5_D0.55,854,36.25,0.525,0
H37_D0.55,855,36.75,0.525,0
H37.5_D0.55,856,37.25,0.525,0
H38_D0.55,857,37.75,0.525,0
H38.5_D0.55,858,38.25,0.525,0
H39_D0.55,859,38.75,0.525,0
H0.5_D0.6,860,0.25,0.575,0
H1_D0.6,861,0.75,0.575,0
H1.5_D0.6,862,1.25,0.575,0
H2_D0.6,863,1.75,0.575,0
H2.5_D0.6,864,2.25,0.575,0
H3_D0.6,865,2.75,0.575,0
H3.5_D0.6,866,3.25,0.575,0
H4_D0.6,867,3.75,0.575,0
H4.5_D0.6,868,4.25,0.575,0
H5_D0.6,869,4.75,0.575,0
H5.5_D0.6,870,5.25,0.575,0
H6_D0.6,871,5.75,0.575,0
H6.5_D0.6,872,6.25,0.575,0
H7_D0.6,873,6.75,0.575,0
H7.5_D0.6,874,7.25,0.575,0
H8_D0.6,875,7.75,0.575,0
H8.5_D0.6,876,8.25,0.575,0
H9_D0.6,877,8.75,0.575,0
H9.5_D0.6,878,9.25,0.575,0
H10_D0.6,879,9.75,0.575,0
H10.5_D0.6,880,10.25,0.575,0
H11_D0.6,881,10.75,0.575,0
H11.5_D0.6,882,11.25,0.575,0
H12_D0.6,883,11.75,0.575,0
H12.5_D0.6,884,12.25,0.575,0
H13_D0.6,885,12.75,0.575,0
H13.5_D0.6,886,13.25,0.575,0
H14_D0.6,887,13.75,0.575,0
H14.5_D0.6,888,14.25,0.575,0
H15_D0.6,889,14.75,0.575,0
H15.5_D0.6,890,15.25,0.575,0
H16_D0.6,891,15.75,0.575,0
H16.5_D0.6,892,16.25,0.575,0
H17_D0.6,893,16.75,0.575,0
H17.5_D0.6,894,17.25,0.575,0
H18_D0.6,895,17.75,0.575,0
H18.5_D0.6,896,18.25,0.575,0
H19_D0.6,897,18.75,0.575,0
H19.5_D0.6,898,19.25,0.575,0
H20_D0.6,899,19.75,0.575,0
H20.5_D0.6,900,20.25,0.575,0
H21_D0.6,901,20.75,0.575,0
H21.5_D0.6,902,21.25,0.575,0
H22_D0.6,903,21.75,0.575,0
H22.5_D0.6,904,22.25,0.575,0
H23_D0.6,905,22.75,0.575,0
H23.5_D0.6,906,23.25,0.575,0
H24_D0.6,907,23.75,0.575,0
H24.5_D0.6,908,24.25,0.575,0
H25_D0.6,909,24.75,0.575,0
H25.5_D0.6,910,25.25,0.575,0
H26_D0.6,911,25.75,0.575,0
H26.5_D0.6,912,26.25,0.575,0
H27_D0.6,913,26.75,0.575,0
H27.5_D0.6,914,27.25,0.575,0
H28_D0.6,915,27.75,0.575,0
H28.5_D0.6,916,28.25,0.575,0
H29_D0.6,917,28.75,0.575,0
H29.5_D0.6,918,29.25,0.575,0
H30_D0.6,919,29.75,0.575,0
H30.5_D0.6,920,30.25,0.575,0
H31_D0.6,921,30.75,0.575,0
H31.5_D0.6,922,31.25,0.575,0
H32_D0.6,923,31.75,0.575,0
H32.5_D0.6,924,32.25,0.575,0
H33_D0.6,925,32.75,0.575,0
H33.5_D0.6,926,33.25,0.575,0
H34_D0.6,927,33.75,0.575,0
H34.5_D0.6,928,34.25,0.575,0
H35_D0.6,929,34.75,0.575,0
H35.5_D0.6,930,35.25,0.575,0
H36_D0.6,931,35.75,0.575,0
H36.5_D0.6,932,36.25,0.575,0
H37_D0.6,933,36.75,0.575,0
H37.5_D0.6,934,37.25,0.575,0
H38_D0.6,935,37.75,0.575,0
H38.5_D0.6,936,38.25,0.575,0
H39_D0.6,937,38.75,0.575,0
H0.5_D0.65,938,0.25,0.625,0
H1_D0.65,939,0.75,0.625,0
H1.5_D0.65,940,1.25,0.625,0
H2_D0.65,941,1.75,0.625,0
H2.5_D0.65,942,2.25,0.625,0
H3_D0.65,943,2.75,0.625,0
H3.5_D0.65,944,3.25,0.625,0
H4_D0.65,945,3.75,0.625,0
H4.5_D0.65,946,4.25,0.625,0
H5_D0.65,947,4.75,0.625,0
H5.5_D0.65,948,5.25,0.625,0
H6_D0.65,949,5.75,0.625,0
H6.5_D0.65,950,6.25,0.625,0
H7_D0.65,951,6.75,0.625,0
H7.5_D0.65,952,7.25,0.625,0
H8_D0.65,953,7.75,0.625,0
H8.5_D0.65,954,8.25,0.625,0
H9_D0.65,955,8.75,0.625,0
H9.5_D0.65,956,9.25,0.625,0
H10_D0.65,957,9.75,0.625,0
H10.5_D0.65,958,10.25,0.625,0
H11_D0.65,959,10.75,0.625,0
H11.5_D0.65,960,11.25,0.625,0
H12_D0.65,961,11.75,0.625,0
H12.5_D0.65,962,12.25,0.625,0
H13_D0.65,963,12.75,0.625,0
H13.5_D0.65,964,13.25,0.625,0
H14_D0.65,965,13.75,0.625,0
H14.5_D0.65,966,14.25,0.625,0
H15_D0.65,967,14.75,0.625,0
H15.5_D0.65,968,15.25,0.625,0
H16_D0.65,969,15.75,0.625,0
H16.5_D0.65,970,16.25,0.625,0
H17_D0.65,971,16.75,0.625,0
H17.5_D0.65,972,17.25,0.625,0
H18_D0.65,973,17.75,0.625,0
H18.5_D0.65,974,18.25,0.625,0
H19_D0.65,975,18.75,0.625,0
H19.5_D0.65,976,19.25,0.625,0
H20_D0.65,977,19.75,0.625,0
H20.5_D0.65,978,20.25,0.625,0
H21_D0.65,979,20.75,0.625,0
H21.5_D0.65,980,21.25,0.625,0
H22_D0.65,981,21.75,0.625,0
H22.5_D0.65,982,22.25,0.625,0
H23_D0.65,983,22.75,0.625,0
H23.5_D0.65,984,23.25,0.625,0
H24_D0.65,985,23.75,0.625,0
H24.5_D0.65,986,24.25,0.625,0
H25_D0.65,987,24.75,0.625,0
H25.5_D0.65,988,25.25,0.625,0
H26_D0.65,989,25.75,0.625,0
H26.5_D0.65,990,26.25,0.625,0
H27_D0.65,991,26.75,0.625,0
H27.5_D0.65,992,27.25,0.625,0
H28_D0.65,993,27.75,0.625,0
H28.5_D0.65,994,28.25,0.625,0
H29_D0.65,995,28.75,0.625,0
H29.5_D0.65,996,29.25,0.625,0
H30_D0.65,997,29.75,0.625,0
H30.5_D0.65,998,30.25,0.625,0
H31_D0.65,999,30.75,0.625,0
H31.5_D0.65,1000,31.25,0.625,0
H32_D0.65,1001,31.75,0.625,0
H32.5_D0.65,1002,32.25,0.625,0
H33_D0.65,1003,32.75,0.625,0
H33.5_D0.65,1004,33.25,0.625,0
H34_D0.65,1005,33.75,0.625,0
H34.5_D0.65,1006,34.25,0.625,0
H35_D0.65,1007,34.75,0.625,0
H35.5_D0.65,1008,35.25,0.625,0
H36_D0.65,1009,35.75,0.625,0
H36.5_D0.65,1010,36.25,0.625,0
H37_D0.65,1011,36.75,0.625,0
H37.5_D0.65,1012,37.25,0.625,0
H38_D0.65,1013,37.75,0.625,0
H38.5_D0.65,1014,38.25,0.625,0
H39_D0.65,1015,38.75,0.625,0
H0.5_D0.7,1016,0.25,0.675,0
H1_D0.7,1017,0.75,0.675,0
H1.5_D0.7,1018,1.25,0.675,0
H2_D0.7,1019,1.75,0.675,0
H2.5_D0.7,1020,2.25,0.675,0
H3_D0.7,1021,2.75,0.675,0
H3.5_D0.7,1022,3.25,0.675,0
H4_D0.7,1023,3.75,0.675,0
H4.5_D0.7,1024,4.25,0.675,0
H5_D0.7,1025,4.75,0.675,0
H5.5_D0.7,1026,5.25,0.675,0
H6_D0.7,1027,5.75,0.675,0
H6.5_D0.7,1028,6.25,0.675,0
H7_D0.7,1029,6.75,0.675,0
H7.5_D0.7,1030,7.25,0.675,0
H8_D0.7,1031,7.75,0.675,0
H8.5_D0.7,1032,8.25,0.675,0
H9_D0.7,1033,8.75,0.675,0
H9.5_D0.7,1034,9.25,0.675,0
H10_D0.7,1035,9.75,0.675,0
H10.5_D0.7,1036,10.25,0.675,0
H11_D0.7,1037,10.75,0.675,0
H11.5_D0.7,1038,11.25,0.675,0
H12_D0.7,1039,11.75,0.675,0
H12.5_D0.7,1040,12.25,0.675,0
H13_D0.7,1041,12.75,0.675,0
H13.5_D0.7,1042,13.25,0.675,0
H14_D0.7,1043,13.75,0.675,0
H14.5_D0.7,1044,14.25,0.675,0
H15_D0.7,1045,14.75,0.675,0
H15.5_D0.7,1046,15.25,0.675,0
H16_D0.7,1047,15.75,0.675,0
H16.5_D0.7,1048,16.25,0.675,0
H17_D0.7,1049,16.75,0.675,0
H17.5_D0.7,1050,17.25,0.675,0
H18_D0.7,1051,17.75,0.675,0
H18.5_D0.7,1052,18.25,0.675,0
H19_D0.7,1053,18.75,0.675,0
H19.5_D0.7,1054,19.25,0.675,0
H20_D0.7,1055,19.75,0.675,0
H20.5_D0.7,1056,20.25,0.675,0
H21_D0.7,1057,20.75,0.675,0
H21.5_D0.7,1058,21.25,0.675,0
H22_D0.7,1059,21.75,0.675,0
H22.5_D0.7,1060,22.25,0.675,0
H23_D0.7,1061,22.75,0.675,0
H23.5_D0.7,1062,23.25,0.675,0
H24_D0.7,1063,23.75,0.675,0
H24.5_D0.7,1064,24.25,0.675,0
H25_D0.7,1065,24.75,0.675,0
H25.5_D0.7,1066,25.25,0.675,0
H26_D0.7,1067,25.75,0.675,0
H26.5_D0.7,1068,26.25,0.675,0
H27_D0.7,1069,26.75,0.675,0
H27.5_D0.7,1070,27.25,0.675,0
H28_D0.7,1071,27.75,0.675,0
H28.5_D0.7,1072,28.25,0.675,0
H29_D0.7,1073,28.75,0.675,0
H29.5_D0.7,1074,29.25,0.675,0
H30_D0.7,1075,29.75,0.675,0
H30.5_D0.7,1076,30.25,0.675,0
H31_D0.7,1077,30.75,0.675,0
H31.5_D0.7,1078,31.25,0.675,0
H32_D0.7,1079,31.75,0.675,0
H32.5_D0.7,1080,32.25,0.675,0
H33_D0.7,1081,32.75,0.675,0
H33.5_D0.7,1082,33.25,0.675,0
H34_D0.7,1083,33.75,0.675,0
H34.5_D0.7,1084,34.25,0.675,0
H35_D0.7,1085,34.75,0.675,0
H35.5_D0.7,1086,35.25,0.675,0
H36_D0.7,1087,35.75,0.675,0
H36.5_D0.7,1088,36.25,0.675,0
H37_D0.7,1089,36.75,0.675,0
H37.5_D0.7,1090,37.25,0.675,0
H38_D0.7,1091,37.75,0.675,0
H38.5_D0.7,1092,38.25,0.675,0
H39_D0.7,1093,38.75,0.675,0
H0.5_D0.75,1094,0.25,0.725,0
H1_D0.75,1095,0.75,0.725,0
H1.5_D0.75,1096,1.25,0.725,0
H2_D0.75,1097,1.75,0.725,0
H2.5_D0.75,1098,2.25,0.725,0
H3_D0.75,1099,2.75,0.725,0
H3.5_D0.75,1100,3.25,0.725,0
H4_D0.75,1101,3.75,0.725,0
H4.5_D0.75,1102,4.25,0.725,0
H5_D0.75,1103,4.75,0.725,0
H5.5_D0.75,1104,5.25,0.725,0
H6_D0.75,1105,5.75,0.725,0
H6.5_D0.75,1106,6.25,0.725,0
H7_D0.75,1107,6.75,0.725,0
H7.5_D0.75,1108,7.25,0.725,0
H8_D0.75,1109,7.75,0.725,0
H8.5_D0.75,1110,8.25,0.725,0
H9_D0.75,1111,8.75,0.725,0
H9.5_D0.75,1112,9.25,0.725,0
H10_D0.75,1113,9.75,0.725,0
H10.5_D0.75,1114,10.25,0.725,0
H11_D0.75,1115,10.75,0.725,0
H11.5_D0.75,1116,11.25,0.725,0
H12_D0.75,1117,11.75,0.725,0
H12.5_D0.75,1118,12.25,0.725,0
H13_D0.75,1119,12.75,0.725,0
H13.5_D0.75,1120,13.25,0.725,0
H14_D0.75,1121,13.75,0.725,0
H14.5_D0.75,1122,14.25,0.725,0
H15_D0.75,1123,14.75,0.725,0
H15.5_D0.75,1124,15.25,0.725,0
H16_D0.75,1125,15.75,0.725,0
H16.5_D0.75,1126,16.25,0.725,0
H17_D0.75,1127,16.75,0.725,0
H17.5_D0.75,1128,17.25,0.725,0
H18_D0.75,1129,17.75,0.725,0
H18.5_D0.75,1130,18.25,0.725,0
H19_D0.75,1131,18.75,0.725,0
H19.5_D0.75,1132,19.25,0.725,0
H20_D0.75,1133,19.75,0.725,0
H20.5_D0.75,1134,20.25,0.725,0
H21_D0.75,1135,20.75,0.725,0
H21.5_D0.75,1136,21.25,0.725,0
H22_D0.75,1137,21.75,0.725,0
H22.5_D0.75,1138,22.25,0.725,0
H23_D0.75,1139,22.75,0.725,0
H23.5_D0.75,1140,23.25,0.725,0
H24_D0.75,1141,23.75,0.725,0
H24.5_D0.75,1142,24.25,0.725,0
H25_D0.75,1143,24.75,0.725,0
H25.5_D0.75,1144,25.25,0.725,0
H26_D0.75,1145,25.75,0.725,0
H26.5_D0.75,1146,26.25,0.725,0
H27_D0.75,1147,26.75,0.725,0
H27.5_D0.75,1148,27.25,0.725,0
H28_D0.75,1149,27.75,0.725,0
H28.5_D0.75,1150,28.25,0.725,0
H29_D0.75,1151,28.75,0.725,0
H29.5_D0.75,1152,29.25,0.725,0
H30_D0.75,1153,29.75,0.725,0
H30.5_D0.75,1154,30.25,0.725,0
H31_D0.75,1155,30.75,0.725,0
H31.5_D0.75,1156,31.25,0.725,0
H32_D0.75,1157,31.75,0.725,0
H32.5_D0.75,1158,32.25,0.725,0
H33_D0.75,1159,32.75,0.725,0
H33.5_D0.75,1160,33.25,0.725,0
H34_D0.75,1161,33.75,0.725,0
H34.5_D0.75,1162,34.25,0.725,0
H35_D0.75,1163,34.75,0.725,0
H35.5_D0.75,1164,35.25,0.725,0
H36_D0.75,1165,35.75,0.725,0
H36.5_D0.75,1166,36.25,0.725,0
H37_D0.75,1167,36.75,0.725,0
H37.5_D0.75,1168,37.25,0.725,0
H38_D0.75,1169,37.75,0.725,0
H38.5_D0.75,1170,38.25,0.725,0
H39_D0.75,1171,38.75,0.725,0
H0.5_D0.8,1172,0.25,0.775,0
H1_D0.8,1173,0.75,0.775,0
H1.5_D0.8,1174,1.25,0.775,0
H2_D0.8,1175,1.75,0.775,0
H2.5_D0.8,1176,2.25,0.775,0
H3_D0.8,1177,2.75,0.775,0
H3.5_D0.8,1178,3.25,0.775,0
H4_D0.8,1179,3.75,0.775,0
H4.5_D0.8,1180,4.25,0.775,0
H5_D0.8,1181,4.75,0.775,0
H5.5_D0.8,1182,5.25,0.775,0
H6_D0.8,1183,5.75,0.775,0
H6.5_D0.8,1184,6.25,0.775,0
H7_D0.8,1185,6.75,0.775,0
H7.5_D0.8,1186,7.25,0.775,0
H8_D0.8,1187,7.75,0.775,0
H8.5_D0.8,1188,8.25,0.775,0
H9_D0.8,1189,8.75,0.775,0
H9.5_D0.8,1190,9.25,0.775,0
H10_D0.8,1191,9.75,0.775,0
H10.5_D0.8,1192,10.25,0.775,0
H11_D0.8,1193,10.75,0.775,0
H11.5_D0.8,1194,11.25,0.775,0
H12_D0.8,1195,11.75,0.775,0
H12.5_D0.8,1196,12.25,0.775,0
H13_D0.8,1197,12.75,0.775,0
H13.5_D0.8,1198,13.25,0.775,0
H14_D0.8,1199,13.75,0.775,0
H14.5_D0.8,1200,14.25,0.775,0
H15_D0.8,1201,14.75,0.775,0
H15.5_D0.8,1202,15.25,0.775,0
H16_D0.8,1203,15.75,0.775,0
H16.5_D0.8,1204,16.25,0.775,0
H17_D0.8,1205,16.75,0.775,0
H17.5_D0.8,1206,17.25,0.775,0
H18_D0.8,1207,17.75,0.775,0
H18.5_D0.8,1208,18.25,0.775,0
H19_D0.8,1209,18.75,0.775,0
H19.5_D0.8,1210,19.25,0.775,0
H20_D0.8,1211,19.75,0.775,0
H20.5_D0.8,1212,20.25,0.775,0
H21_D0.8,1213,20.75,0.775,0
H21.5_D0.8,1214,21.25,0.775,0
H22_D0.8,1215,21.75,0.775,0
H22.5_D0.8,1216,22.25,0.775,0
H23_D0.8,1217,22.75,0.775,0
H23.5_D0.8,1218,23.25,0.775,0
H24_D0.8,1219,23.75,0.775,0
H24.5_D0.8,1220,24.25,0.775,0
H25_D0.8,1221,24.75,0.775,0
H25.5_D0.8,1222,25.25,0.775,0
H26_D0.8,1223,25.75,0.775,0
H26.5_D0.8,1224,26.25,0.775,0
H27_D0.8,1225,26.75,0.775,0
H27.5_D0.8,1226,27.25,0.775,0
H28_D0.8,1227,27.75,0.775,0
H28.5_D0.8,1228,28.25,0.775,0
H29_D0.8,1229,28.75,0.775,0
H29.5_D0.8,1230,29.25,0.775,0
H30_D0.8,1231,29.75,0.775,0
H30.5_D0.8,1232,30.25,0.775,0
H31_D0.8,1233,30.75,0.775,0
H31.5_D0.8,1234,31.25,0.775,0
H32_D0.8,1235,31.75,0.775,0
H32.5_D0.8,1236,32.25,0.775,0
H33_D0.8,1237,32.75,0.775,0
H33.5_D0.8,1238,33.25,0.775,0
H34_D0.8,1239,33.75,0.775,0
H34.5_D0.8,1240,34.25,0.775,0
H35_D0.8,1241,34.75,0.775,0
H35.5_D0.8,1242,35.25,0.775,0
H36_D0.8,1243,35.75,0.775,0
H36.5_D0.8,1244,36.25,0.775,0
H37_D0.8,1245,36.75,0.775,0
H37.5_D0.8,1246,37.25,0.775,0
H38_D0.8,1247,37.75,0.775,0
H38.5_D0.8,1248,38.25,0.775,0
H39_D0.8,1249,38.75,0.775,0
H0.5_D0.85,1250,0.25,0.825,0
H1_D0.85,1251,0.75,0.825,0
H1.5_D0.85,1252,1.25,0.825,0
H2_D0.85,1253,1.75,0.825,0
H2.5_D0.85,1254,2.25,0.825,0
H3_D0.85,1255,2.75,0.825,0
H3.5_D0.85,1256,3.25,0.825,0
H4_D0.85,1257,3.75,0.825,0
H4.5_D0.85,1258,4.25,0.825,0
H5_D0.85,1259,4.75,0.825,0
H5.5_D0.85,1260,5.25,0.825,0
H6_D0.85,1261,5.75,0.825,0
H6.5_D0.85,1262,6.25,0.825,0
H7_D0.85,1263,6.75,0.825,0
H7.5_D0.85,1264,7.25,0.825,0
H8_D0.85,1265,7.75,0.825,0
H8.5_D0.85,1266,8.25,0.825,0
H9_D0.85,1267,8.75,0.825,0
H9.5_D0.85,1268,9.25,0.825,0
H10_D0.85,1269,9.75,0.825,0
H10.5_D0.85,1270,10.25,0.825,0
H11_D0.85,1271,10.75,0.825,0
H11.5_D0.85,1272,11.25,0.825,0
H12_D0.85,1273,11.75,0.825,0
H12.5_D0.85,1274,12.25,0.825,0
H13_D0.85,1275,12.75,0.825,0
H13.5_D0.85,1276,13.25,0.825,0
H14_D0.85,1277,13.75,0.825,0
H14.5_D0.85,1278,14.25,0.825,0
H15_D0.85,1279,14.75,0.825,0
H15.5_D0.85,1280,15.25,0.825,0
H16_D0.85,1281,15.75,0.825,0
H16.5_D0.85,1282,16.25,0.825,0
H17_D0.85,1283,16.75,0.825,0
H17.5_D0.85,1284,17.25,0.825,0
H18_D0.85,1285,17.75,0.825,0
H18.5_D0.85,1286,18.25,0.825,0
H19_D0.85,1287,18.75,0.825,0
H19.5_D0.85,1288,19.25,0.825,0
H20_D0.85,1289,19.75,0.825,0
H20.5_D0.85,1290,20.25,0.825,0
H21_D0.85,1291,20.75,0.825,0
H21.5_D0.85,1292,21.25,0.825,0
H22_D0.85,1293,21.75,0.825,0
H22.5_D0.85,1294,22.25,0.825,0
H23_D0.85,1295,22.75,0.825,0
H23.5_D0.85,1296,23.25,0.825,0
H24_D0.85,1297,23.75,0.825,0
H24.5_D0.85,1298,24.25,0.825,0
H25_D0.85,1299,24.75,0.825,0
H25.5_D0.85,1300,25.25,0.825,0
H26_D0.85,1301,25.75,0.825,0
H26.5_D0.85,1302,26.25,0.825,0
H27_D0.85,1303,26.75,0.825,0
H27.5_D0.85,1304,27.25,0.825,0
H28_D0.85,1305,27.75,0.825,0
H28.5_D0.85,1306,28.25,0.825,0
H29_D0.85,1307,28.75,0.825,0
H29.5_D0.85,1308,29.25,0.825,0
H30_D0.85,1309,29.75,0.825,0
H30.5_D0.85,1310,30.25,0.825,0
H31_D0.85,1311,30.75,0.825,0
H31.5_D0.85,1312,31.25,0.825,0
H32_D0.85,1313,31.75,0.825,0
H32.5_D0.85,1314,32.25,0.825,0
H33_D0.85,1315,32.75,0.825,0
H33.5_D0.85,1316,33.25,0.825,0
H34_D0.85,1317,33.75,0.825,0
H34.5_D0.85,1318,34.25,0.825,0
H35_D0.85,1319,34.75,0.825,0
H35.5_D0.85,1320,35.25,0.825,0
H36_D0.85,1321,35.75,0.825,0
H36.5_D0.85,1322,36.25,0.825,0
H37_D0.85,1323,36.75,0.825,0
H37.5_D0.85,1324,37.25,0.825,0
H38_D0.85,1325,37.75,0.825,0
H38.5_D0.85,1326,38.25,0.825,0
H39_D0.85,1327,38.75,0.825,0
H0.5_D0.9,1328,0.25,0.875,0
H1_D0.9,1329,0.75,0.875,0
H1.5_D0.9,1330,1.25,0.875,0
H2_D0.9,1331,1.75,0.875,0
H2.5_D0.9,1332,2.25,0.875,0
H3_D0.9,1333,2.75,0.875,0
H3.5_D0.9,1334,3.25,0.875,0
H4_D0.9,1335,3.75,0.875,0
H4.5_D0.9,1336,4.25,0.875,0
H5_D0.9,1337,4.75,0.875,0
H5.5_D0.9,1338,5.25,0.875,0
H6_D0.9,1339,5.75,0.875,0
H6.5_D0.9,1340,6.25,0.875,0
H7_D0.9,1341,6.75,0.875,0
H7.5_D0.9,1342,7.25,0.875,0
H8_D0.9,1343,7.75,0.875,0
H8.5_D0.9,1344,8.25,0.875,0
H9_D0.9,1345,8.75,0.875,0
H9.5_D0.9,1346,9.25,0.875,0
H10_D0.9,1347,9.75,0.875,0
H10.5_D0.9,1348,10.25,0.875,0
H11_D0.9,1349,10.75,0.875,0
H11.5_D0.9,1350,11.25,0.875,0
H12_D0.9,1351,11.75,0.875,0
H12.5_D0.9,1352,12.25,0.875,0
H13_D0.9,1353,12.75,0.875,0
H13.5_D0.9,1354,13.25,0.875,0
H14_D0.9,1355,13.75,0.875,0
H14.5_D0.9,1356,14.25,0.875,0
H15_D0.9,1357,14.75,0.875,0
H15.5_D0.9,1358,15.25,0.875,0
H16_D0.9,1359,15.75,0.875,0
H16.5_D0.9,1360,16.25,0.875,0
H17_D0.9,1361,16.75,0.875,0
H17.5_D0.9,1362,17.25,0.875,0
H18_D0.9,1363,17.75,0.875,0
H18.5_D0.9,1364,18.25,0.875,0
H19_D0.9,1365,18.75,0.875,0
H19.5_D0.9,1366,19.25,0.875,0
H20_D0.9,1367,19.75,0.875,0
H20.5_D0.9,1368,20.25,0.875,0
H21_D0.9,1369,20.75,0.875,0
H21.5_D0.9,1370,21.25,0.875,0
H22_D0.9,1371,21.75,0.875,0
H22.5_D0.9,1372,22.25,0.875,0
H23_D0.9,1373,22.75,0.875,0
H23.5_D0.9,1374,23.25,0.875,0
H24_D0.9,1375,23.75,0.875,0
H24.5_D0.9,1376,24.25,0.875,0
H25_D0.9,1377,24.75,0.875,0
H25.5_D0.9,1378,25.25,0.875,0
H26_D0.9,1379,25.75,0.875,0
H26.5_D0.9,1380,26.25,0.875,0
H27_D0.9,1381,26.75,0.875,0
H27.5_D0.9,1382,27.25,0.875,0
H28_D0.9,1383,27.75,0.875,0
H28.5_D0.9,1384,28.25,0.875,0
H29_D0.9,1385,28.75,0.875,0
H29.5_D0.9,1386,29.25,0.875,0
H30_D0.9,1387,29.75,0.875,0
H30.5_D0.9,1388,30.25,0.875,0
H31_D0.9,1389,30.75,0.875,0
H31.5_D0.9,1390,31.25,0.875,0
H32_D0.9,1391,31.75,0.875,0
H32.5_D0.9,1392,32.25,0.875,0
H33_D0.9,1393,32.75,0.875,0
H33.5_D0.9,1394,33.25,0.875,0
H34_D0.9,1395,33.75,0.875,0
H34.5_D0.9,1396,34.25,0.875,0
H35_D0.9,1397,34.75,0.875,0
H35.5_D0.9,1398,35.25,0.875,0
H36_D0.9,1399,35.75,0.875,0
H36.5_D0.9,1400,36.25,0.875,0
H37_D0.9,1401,36.75,0.875,0
H37.5_D0.9,1402,37.25,0.875,0
H38_D0.9,1403,37.75,0.875,0
H38.5_D0.9,1404,38.25,0.875,0
H39_D0.9,1405,38.75,0.875,0
H0.5_D0.95,1406,0.25,0.925,0
H1_D0.95,1407,0.75,0.925,0
H1.5_D0.95,1408,1.25,0.925,0
H2_D0.95,1409,1.75,0.925,0
H2.5_D0.95,1410,2.25,0.925,0
H3_D0.95,1411,2.75,0.925,0
H3.5_D0.95,1412,3.25,0.925,0
H4_D0.95,1413,3.75,0.925,0
H4.5_D0.95,1414,4.25,0.925,0
H5_D0.95,1415,4.75,0.925,0
H5.5_D0.95,1416,5.25,0.925,0
H6_D0.95,1417,5.75,0.925,0
H6.5_D0.95,1418,6.25,0.925,0
H7_D0.95,1419,6.75,0.925,0
H7.5_D0.95,1420,7.25,0.925,0
H8_D0.95,1421,7.75,0.925,0
H8.5_D0.95,1422,8.25,0.925,0
H9_D0.95,1423,8.75,0.925,0
H9.5_D0.95,1424,9.25,0.925,0
H10_D0.95,1425,9.75,0.925,0
H10.5_D0.95,1426,10.25,0.925,0
H11_D0.95,1427,10.75,0.925,0
H11.5_D0.95,1428,11.25,0.925,0
H12_D0.95,1429,11.75,0.925,0
H12.5_D0.95,1430,12.25,0.925,0
H13_D0.95,1431,12.75,0.925,0
H13.5_D0.95,1432,13.25,0.925,0
H14_D0.95,1433,13.75,0.925,0
H14.5_D0.95,1434,14.25,0.925,0
H15_D0.95,1435,14.75,0.925,0
H15.5_D0.95,1436,15.25,0.925,0
H16_D0.95,1437,15.75,0.925,0
H16.5_D0.95,1438,16.25,0.925,0
H17_D0.95,1439,16.75,0.925,0
H17.5_D0.95,1440,17.25,0.925,0
H18_D0.95,1441,17.75,0.925,0
H18.5_D0.95,1442,18.25,0.925,0
H19_D0.95,1443,18.75,0.925,0
H19.5_D0.95,1444,19.25,0.925,0
H20_D0.95,1445,19.75,0.925,0
H20.5_D0.95,1446,20.25,0.925,0
H21_D0.95,1447,20.75,0.925,0
H21.5_D0.95,1448,21.25,0.925,0
H22_D0.95,1449,21.75,0.925,0
H22.5_D0.95,1450,22.25,0.925,0
H23_D0.95,1451,22.75,0.925,0
H23.5_D0.95,1452,23.25,0.925,0
H24_D0.95,1453,23.75,0.925,0
H24.5_D0.95,1454,24.25,0.925,0
H25_D0.95,1455,24.75,0.925,0
H25.5_D0.95,1456,25.25,0.925,0
H26_D0.95,1457,25.75,0.925,0
H26.5_D0.95,1458,26.25,0.925,0
H27_D0.95,1459,26.75,0.925,0
H27.5_D0.95,1460,27.25,0.925,0
H28_D0.95,1461,27.75,0.925,0
H28.5_D0.95,1462,28.25,0.925,0
H29_D0.95,1463,28.75,0.925,0
H29.5_D0.95,1464,29.25,0.925,0
H30_D0.95,1465,29.75,0.925,0
H30.5_D0.95,1466,30.25,0.925,0
H31_D0.95,1467,30.75,0.925,0
H31.5_D0.95,1468,31.25,0.925,0
H32_D0.95,1469,31.75,0.925,0
H32.5_D0.95,1470,32.25,0.925,0
H33_D0.95,1471,32.75,0.925,0
H33.5_D0.95,1472,33.25,0.925,0
H34_D0.95,1473,33.75,0.925,0
H34.5_D0.95,1474,34.25,0.925,0
H35_D0.95,1475,34.75,0.925,0
H35.5_D0.95,1476,35.25,0.925,0
H36_D0.95,1477,35.75,0.925,0
H36.5_D0.95,1478,36.25,0.925,0
H37_D0.95,1479,36.75,0.925,0
H37.5_D0.95,1480,37.25,0.925,0
H38_D0.95,1481,37.75,0.925,0
H38.5_D0.95,1482,38.25,0.925,0
H39_D0.95,1483,38.75,0.925,0
H0.5_D1,1484,0.25,0.975,0
H1_D1,1485,0.75,0.975,0
H1.5_D1,1486,1.25,0.975,0
H2_D1,1487,1.75,0.975,0
H2.5_D1,1488,2.25,0.975,0
H3_D1,1489,2.75,0.975,0
H3.5_D1,1490,3.25,0.975,0
H4_D1,1491,3.75,0.975,0
H4.5_D1,1492,4.25,0.975,0
H5_D1,1493,4.75,0.975,0
H5.5_D1,1494,5.25,0.975,0
H6_D1,1495,5.75,0.975,0
H6.5_D1,1496,6.25,0.975,0
H7_D1,1497,6.75,0.975,0
H7.5_D1,1498,7.25,0.975,0
H8_D1,1499,7.75,0.975,0
H8.5_D1,1500,8.25,0.975,0
H9_D1,1501,8.75,0.975,0
H9.5_D1,1502,9.25,0.975,0
H10_D1,1503,9.75,0.975,0
H10.5_D1,1504,10.25,0.975,0
H11_D1,1505,10.75,0.975,0
H11.5_D1,1506,11.25,0.975,0
H12_D1,1507,11.75,0.975,0
H12.5_D1,1508,12.25,0.975,0
H13_D1,1509,12.75,0.975,0
H13.5_D1,1510,13.25,0.975,0
H14_D1,1511,13.75,0.975,0
H14.5_D1,1512,14.25,0.975,0
H15_D1,1513,14.75,0.975,0
H15.5_D1,1514,15.25,0.975,0
H16_D1,1515,15.75,0.975,0
H16.5_D1,1516,16.25,0.975,0
H17_D1,1517,16.75,0.975,0
H17.5_D1,1518,17.25,0.975,0
H18_D1,1519,17.75,0.975,0
H18.5_D1,1520,18.25,0.975,0
H19_D1,1521,18.75,0.975,0
H19.5_D1,1522,19.25,0.975,0
H20_D1,1523,19.75,0.975,0
H20.5_D1,1524,20.25,0.975,0
H21_D1,1525,20.75,0.975,0
H21.5_D1,1526,21.25,0.975,0
H22_D1,1527,21.75,0.975,0
H22.5_D1,1528,22.25,0.975,0
H23_D1,1529,22.75,0.975,0
H23.5_D1,1530,23.25,0.975,0
H24_D1,1531,23.75,0.975,0
H24.5_D1,1532,24.25,0.975,0
H25_D1,1533,24.75,0.975,0
H25.5_D1,1534,25.25,0.975,0
H26_D1,1535,25.75,0.975,0
H26.5_D1,1536,26.25,0.975,0
H27_D1,1537,26.75,0.975,0
H27.5_D1,1538,27.25,0.975,0
H28_D1,1539,27.75,0.975,0
H28.5_D1,1540,28.25,0.975,0
H29_D1,1541,28.75,0.975,0
H29.5_D1,1542,29.25,0.975,0
H30_D1,1543,29.75,0.975,0
H30.5_D1,1544,30.25,0.975,0
H31_D1,1545,30.75,0.975,0
H31.5_D1,1546,31.25,0.975,0
H32_D1,1547,31.75,0.975,0
H32.5_D1,1548,32.25,0.975,0
H33_D1,1549,32.75,0.975,0
H33.5_D1,1550,33.25,0.975,0
H34_D1,1551,33.75,0.975,0
H34.5_D1,1552,34.25,0.975,0
H35_D1,1553,34.75,0.975,0
H35.5_D1,1554,35.25,0.975,0
H36_D1,1555,35.75,0.975,0
H36.5_D1,1556,36.25,0.975,0
H37_D1,1557,36.75,0.975,0
H37.5_D1,1558,37.25,0.975,0
H38_D1,1559,37.75,0.975,0
H38.5_D1,1560,38.25,0.975,0
H39_D1,1561,38.75,0.975,0
